2026/09/20 15:00:32.059, 0, 2, 18.50, 30
2026/09/20 15:00:33.098, 1, 544, 42.67, 32
2026/09/20 15:00:34.131, 2, 630, 71.42, 32
2026/09/20 15:00:35.163, 0, 662, 72.09, 32
2026/09/20 15:00:36.195, 2, 758, 73.16, 33
2026/09/20 15:00:37.227, 0, 822, 71.32, 33
2026/09/20 15:00:38.260, 0, 854, 71.91, 33
2026/09/20 15:00:39.294, 0, 854, 70.99, 33
2026/09/20 15:00:40.326, 2, 854, 71.68, 33
2026/09/20 15:00:41.363, 0, 982, 73.79, 33
2026/09/20 15:00:42.396, 2, 1078, 73.69, 33
2026/09/20 15:00:43.427, 0, 1206, 73.63, 33
2026/09/20 15:00:44.459, 0, 1206, 72.19, 33
2026/09/20 15:00:45.489, 2, 1206, 71.22, 33
2026/09/20 15:00:46.519, 2, 1366, 74.73, 33
2026/09/20 15:00:47.550, 2, 1462, 74.82, 33
2026/09/20 15:00:48.580, 0, 1590, 73.04, 33
2026/09/20 15:00:49.612, 0, 1590, 71.78, 33
2026/09/20 15:00:50.650, 2, 1654, 73.10, 33
2026/09/20 15:00:51.686, 2, 1814, 74.86, 33
2026/09/20 15:00:52.733, 5, 1910, 74.56, 33
2026/09/20 15:00:53.781, 0, 1942, 72.50, 33
2026/09/20 15:00:54.814, 2, 1942, 71.20, 33
2026/09/20 15:00:55.846, 2, 2102, 74.83, 33
2026/09/20 15:00:56.876, 0, 2134, 72.78, 33
2026/09/20 15:00:57.908, 0, 2134, 71.21, 33
2026/09/20 15:00:58.942, 0, 2400, 70.89, 33
2026/09/20 15:00:59.974, 2, 2400, 72.15, 33
2026/09/20 15:01:01.008, 2, 2400, 74.74, 33
2026/09/20 15:01:02.046, 0, 2400, 73.94, 34
2026/09/20 15:01:03.077, 0, 2400, 71.21, 33
2026/09/20 15:01:04.107, 2, 2400, 73.62, 34
2026/09/20 15:01:05.139, 2, 2400, 74.63, 34
2026/09/20 15:01:06.169, 0, 2400, 74.13, 34
2026/09/20 15:01:07.200, 0, 2400, 72.45, 34
2026/09/20 15:01:08.232, 0, 2400, 71.82, 34
2026/09/20 15:01:09.264, 2, 2400, 74.38, 34
2026/09/20 15:01:10.297, 2, 2400, 74.95, 35
2026/09/20 15:01:11.329, 0, 2400, 73.87, 34
2026/09/20 15:01:12.360, 0, 2400, 71.46, 34
2026/09/20 15:01:13.389, 7, 2400, 75.38, 34
2026/09/20 15:01:14.419, 2, 2400, 74.71, 34
2026/09/20 15:01:15.450, 0, 2400, 73.56, 34
2026/09/20 15:01:16.481, 0, 2400, 72.58, 34
2026/09/20 15:01:17.513, 2, 2400, 72.15, 34
2026/09/20 15:01:18.544, 0, 2400, 75.13, 34
2026/09/20 15:01:19.575, 4, 2400, 75.32, 34
2026/09/20 15:01:20.607, 5, 2400, 75.21, 34
2026/09/20 15:01:21.637, 0, 2400, 73.61, 34
2026/09/20 15:01:22.671, 0, 2400, 71.80, 34
2026/09/20 15:01:23.703, 2, 2400, 75.02, 34
2026/09/20 15:01:24.735, 2, 2400, 75.13, 34
2026/09/20 15:01:25.767, 0, 2400, 73.56, 34
2026/09/20 15:01:26.799, 0, 2400, 70.89, 34
2026/09/20 15:01:27.829, 0, 2400, 73.24, 34
2026/09/20 15:01:28.862, 2, 2400, 75.55, 34
2026/09/20 15:01:29.895, 0, 2400, 73.25, 34
2026/09/20 15:01:30.928, 0, 2400, 72.01, 34
2026/09/20 15:01:31.961, 2, 2400, 72.40, 34
2026/09/20 15:01:32.996, 4, 2400, 75.40, 34
2026/09/20 15:01:34.030, 0, 2400, 75.68, 34
2026/09/20 15:01:35.061, 2, 2400, 73.64, 34
2026/09/20 15:01:36.091, 0, 2400, 71.34, 34
2026/09/20 15:01:37.123, 0, 2400, 73.70, 34
2026/09/20 15:01:38.152, 0, 2400, 75.34, 34
2026/09/20 15:01:39.183, 0, 2432, 72.43, 34
2026/09/20 15:01:40.218, 0, 2464, 72.78, 34
2026/09/20 15:01:41.251, 0, 2528, 73.51, 34
2026/09/20 15:01:42.283, 0, 2530, 69.96, 34
2026/09/20 15:01:43.312, 0, 2690, 108.90, 36
2026/09/20 15:01:44.342, 2, 2690, 87.21, 35
2026/09/20 15:01:45.373, 0, 2690, 75.45, 35
2026/09/20 15:01:46.405, 2, 2690, 72.52, 35
2026/09/20 15:01:47.436, 0, 2690, 70.51, 34
2026/09/20 15:01:48.466, 2, 2690, 71.74, 34
2026/09/20 15:01:49.496, 2, 2690, 73.72, 35
2026/09/20 15:01:50.527, 0, 2690, 73.38, 34
2026/09/20 15:01:51.557, 0, 2690, 72.54, 34
2026/09/20 15:01:52.589, 0, 2690, 69.82, 34
2026/09/20 15:01:53.621, 7, 2690, 73.07, 35
2026/09/20 15:01:54.662, 2, 2690, 73.89, 35
2026/09/20 15:01:55.695, 5, 2690, 72.41, 34
2026/09/20 15:01:56.725, 0, 2690, 70.51, 34
2026/09/20 15:01:57.760, 0, 2690, 71.17, 34
2026/09/20 15:01:58.791, 4, 2690, 73.57, 35
2026/09/20 15:01:59.823, 2, 2690, 73.66, 35
2026/09/20 15:02:00.855, 0, 2690, 72.62, 35
2026/09/20 15:02:01.887, 0, 2690, 69.44, 34
2026/09/20 15:02:02.918, 7, 2690, 73.31, 35
2026/09/20 15:02:03.949, 73, 2690, 104.71, 37
2026/09/20 15:02:04.979, 2, 2690, 103.38, 37
2026/09/20 15:02:06.010, 0, 2690, 94.58, 36
2026/09/20 15:02:07.040, 0, 2690, 72.95, 35
2026/09/20 15:02:08.069, 0, 2690, 72.55, 35
2026/09/20 15:02:09.099, 2, 2690, 75.15, 35
2026/09/20 15:02:10.128, 2, 2690, 75.14, 35
2026/09/20 15:02:11.158, 0, 2690, 73.75, 35
2026/09/20 15:02:12.192, 0, 2690, 71.36, 35
2026/09/20 15:02:13.223, 8, 2690, 74.95, 36
2026/09/20 15:02:14.252, 0, 2690, 75.81, 35
2026/09/20 15:02:15.283, 5, 2690, 74.20, 35
2026/09/20 15:02:16.314, 0, 2690, 71.90, 35
2026/09/20 15:02:17.343, 2, 2690, 73.44, 35
2026/09/20 15:02:18.374, 4, 2690, 75.55, 35
2026/09/20 15:02:19.405, 0, 2690, 74.42, 35
2026/09/20 15:02:20.440, 0, 2690, 73.40, 35
2026/09/20 15:02:21.472, 2, 2690, 72.24, 35
2026/09/20 15:02:22.506, 2, 2690, 76.46, 36
2026/09/20 15:02:23.537, 23, 2690, 107.64, 37
2026/09/20 15:02:24.568, 2, 2690, 102.82, 37
2026/09/20 15:02:25.598, 5, 2690, 93.98, 36
2026/09/20 15:02:26.629, 0, 2690, 72.53, 35
2026/09/20 15:02:27.660, 1, 2690, 72.69, 35
2026/09/20 15:02:28.692, 2, 2690, 74.76, 35
2026/09/20 15:02:29.722, 0, 2690, 75.20, 35
2026/09/20 15:02:30.754, 0, 2690, 73.42, 35
2026/09/20 15:02:31.784, 2, 2690, 71.49, 35
2026/09/20 15:02:32.813, 6, 2690, 74.33, 35
2026/09/20 15:02:33.843, 2, 2690, 74.34, 35
2026/09/20 15:02:34.873, 0, 2690, 74.00, 35
2026/09/20 15:02:35.903, 0, 2690, 71.27, 35
2026/09/20 15:02:36.934, 0, 2690, 72.17, 35
2026/09/20 15:02:37.964, 2, 2690, 74.90, 35
2026/09/20 15:02:38.992, 0, 2690, 74.20, 35
2026/09/20 15:02:40.022, 0, 2690, 73.33, 35
2026/09/20 15:02:41.052, 0, 2690, 71.82, 35
2026/09/20 15:02:42.083, 2, 2690, 73.21, 35
2026/09/20 15:02:43.114, 2, 2690, 74.92, 35
2026/09/20 15:02:44.144, 2, 2690, 116.75, 37
2026/09/20 15:02:45.174, 2, 2690, 102.82, 37
2026/09/20 15:02:46.205, 0, 2690, 82.80, 36
2026/09/20 15:02:47.235, 0, 2690, 71.50, 35
2026/09/20 15:02:48.270, 2, 2690, 73.27, 36
2026/09/20 15:02:49.303, 2, 2690, 75.13, 35
2026/09/20 15:02:50.334, 0, 2690, 73.71, 35
2026/09/20 15:02:51.364, 0, 2690, 73.44, 35
2026/09/20 15:02:52.393, 2, 2690, 71.67, 35
2026/09/20 15:02:53.424, 0, 2690, 74.80, 35
2026/09/20 15:02:54.455, 1, 2690, 75.22, 35
2026/09/20 15:02:55.486, 2, 2690, 74.15, 35
2026/09/20 15:02:56.516, 0, 2690, 71.10, 35
2026/09/20 15:02:57.546, 2, 2690, 73.58, 35
2026/09/20 15:02:58.576, 2, 2690, 75.38, 36
2026/09/20 15:02:59.608, 0, 2690, 73.88, 35
2026/09/20 15:03:00.638, 0, 2690, 72.61, 35
2026/09/20 15:03:01.667, 2, 2690, 72.36, 35
2026/09/20 15:03:02.697, 0, 2690, 74.55, 35
2026/09/20 15:03:03.728, 2, 2690, 119.42, 37
2026/09/20 15:03:04.758, 0, 2690, 102.93, 37
2026/09/20 15:03:05.788, 0, 2690, 83.02, 36
2026/09/20 15:03:06.817, 0, 2690, 71.66, 36
2026/09/20 15:03:07.848, 0, 2690, 73.59, 36
2026/09/20 15:03:08.877, 4, 2690, 75.60, 36
2026/09/20 15:03:09.908, 0, 2690, 73.30, 35
2026/09/20 15:03:10.938, 0, 2690, 72.71, 35
2026/09/20 15:03:11.968, 2, 2690, 72.61, 35
2026/09/20 15:03:12.998, 0, 2690, 74.75, 36
2026/09/20 15:03:14.029, 2, 2690, 75.09, 36
2026/09/20 15:03:15.057, 0, 2690, 74.01, 35
2026/09/20 15:03:16.087, 0, 2690, 71.05, 35
2026/09/20 15:03:17.115, 0, 2690, 73.55, 35
2026/09/20 15:03:18.145, 2, 2690, 76.67, 36
2026/09/20 15:03:19.177, 5, 2690, 74.83, 35
2026/09/20 15:03:20.209, 0, 2690, 72.71, 35
2026/09/20 15:03:21.240, 0, 2690, 73.11, 35
2026/09/20 15:03:22.272, 2, 2690, 75.51, 36
2026/09/20 15:03:23.302, 2, 2690, 120.56, 37
2026/09/20 15:03:24.333, 2, 2690, 102.91, 37
2026/09/20 15:03:25.362, 0, 2690, 77.08, 36
2026/09/20 15:03:26.394, 0, 2690, 71.29, 36
2026/09/20 15:03:27.426, 8, 2690, 74.78, 36
2026/09/20 15:03:28.458, 0, 2690, 75.14, 36
2026/09/20 15:03:29.491, 5, 2690, 74.47, 36
2026/09/20 15:03:30.524, 0, 2690, 71.95, 36
2026/09/20 15:03:31.555, 2, 2690, 73.03, 36
2026/09/20 15:03:32.588, 2, 2690, 74.95, 36
2026/09/20 15:03:33.620, 0, 2690, 74.39, 36
2026/09/20 15:03:34.652, 0, 2690, 73.32, 36
2026/09/20 15:03:35.684, 2, 2690, 72.38, 36
2026/09/20 15:03:36.715, 0, 2690, 75.14, 36
2026/09/20 15:03:37.747, 2, 2690, 75.20, 36
2026/09/20 15:03:38.780, 2, 2690, 73.97, 36
2026/09/20 15:03:39.812, 0, 2690, 71.55, 36
2026/09/20 15:03:40.843, 2, 2690, 73.75, 36
2026/09/20 15:03:41.875, 64, 2690, 98.24, 39
2026/09/20 15:03:42.907, 4, 2690, 107.56, 38
2026/09/20 15:03:43.938, 5, 2690, 102.89, 37
2026/09/20 15:03:44.968, 0, 2690, 73.27, 36
2026/09/20 15:03:45.998, 0, 2690, 72.07, 36
2026/09/20 15:03:47.028, 2, 2690, 75.22, 36
2026/09/20 15:03:48.060, 0, 2690, 74.81, 36
2026/09/20 15:03:49.091, 0, 2690, 73.47, 36
2026/09/20 15:03:50.122, 0, 2690, 71.01, 36
2026/09/20 15:03:51.156, 0, 2690, 73.79, 36
2026/09/20 15:03:52.188, 4, 2690, 76.44, 36
2026/09/20 15:03:53.219, 0, 2690, 74.44, 36
2026/09/20 15:03:54.250, 0, 2690, 72.90, 36
2026/09/20 15:03:55.282, 2, 2690, 72.49, 36
2026/09/20 15:03:56.313, 2, 2690, 75.58, 36
2026/09/20 15:03:57.345, 2, 2690, 75.57, 36
2026/09/20 15:03:58.376, 0, 2690, 73.41, 36
2026/09/20 15:03:59.407, 0, 2690, 71.28, 36
2026/09/20 15:04:00.439, 0, 2690, 73.37, 36
2026/09/20 15:04:01.471, 72, 2690, 109.12, 38
2026/09/20 15:04:02.504, 4, 2690, 103.45, 38
2026/09/20 15:04:03.535, 0, 2690, 97.64, 37
2026/09/20 15:04:04.566, 0, 2690, 72.83, 36
2026/09/20 15:04:05.615, 2, 2690, 72.41, 36
2026/09/20 15:04:06.647, 0, 2690, 74.94, 36
2026/09/20 15:04:07.679, 0, 2690, 75.26, 36
2026/09/20 15:04:08.710, 0, 2690, 73.35, 36
2026/09/20 15:04:09.740, 1, 2690, 71.07, 36
2026/09/20 15:04:10.771, 2, 2690, 75.15, 36
2026/09/20 15:04:11.804, 0, 2690, 75.82, 36
2026/09/20 15:04:12.835, 0, 2690, 74.54, 36
2026/09/20 15:04:13.866, 0, 2690, 71.98, 36
2026/09/20 15:04:14.898, 2, 2690, 73.50, 36
2026/09/20 15:04:15.935, 4, 2690, 75.74, 36
2026/09/20 15:04:16.972, 5, 2690, 74.69, 36
2026/09/20 15:04:18.002, 0, 2690, 72.91, 36
2026/09/20 15:04:19.035, 2, 2690, 72.13, 36
2026/09/20 15:04:20.065, 0, 2690, 75.39, 36
2026/09/20 15:04:21.095, 2, 2690, 117.10, 38
2026/09/20 15:04:22.124, 2, 2690, 103.26, 38
2026/09/20 15:04:23.155, 0, 2690, 91.59, 37
2026/09/20 15:04:24.186, 0, 2690, 72.51, 36
2026/09/20 15:04:25.214, 4, 2690, 74.16, 36
2026/09/20 15:04:26.245, 2, 2690, 76.24, 36
2026/09/20 15:04:27.275, 0, 2690, 74.48, 36
2026/09/20 15:04:28.306, 0, 2690, 73.30, 36
2026/09/20 15:04:29.337, 2, 2690, 72.46, 36
2026/09/20 15:04:30.376, 0, 2690, 75.45, 36
2026/09/20 15:04:31.409, 2, 2690, 75.97, 36
2026/09/20 15:04:32.442, 0, 2690, 74.85, 36
2026/09/20 15:04:33.474, 0, 2690, 71.95, 36
2026/09/20 15:04:34.505, 0, 2690, 74.36, 36
2026/09/20 15:04:35.536, 2, 2690, 76.58, 36
2026/09/20 15:04:36.567, 0, 2690, 74.15, 36
2026/09/20 15:04:37.598, 0, 2690, 73.19, 36
2026/09/20 15:04:38.629, 2, 2690, 72.67, 36
2026/09/20 15:04:39.661, 2, 2690, 75.73, 36
2026/09/20 15:04:40.692, 0, 2690, 120.01, 38
2026/09/20 15:04:41.723, 2, 2690, 104.03, 38
2026/09/20 15:04:42.754, 0, 2690, 82.32, 36
2026/09/20 15:04:43.785, 0, 2690, 71.79, 36
2026/09/20 15:04:44.817, 0, 2690, 74.04, 36
2026/09/20 15:04:45.848, 2, 2690, 76.21, 36
2026/09/20 15:04:46.879, 0, 2690, 73.88, 36
2026/09/20 15:04:47.912, 0, 2690, 73.02, 36
2026/09/20 15:04:48.944, 2, 2690, 73.02, 36
2026/09/20 15:04:49.974, 2, 2690, 76.27, 36
2026/09/20 15:04:51.005, 0, 2690, 75.82, 36
2026/09/20 15:04:52.035, 0, 2690, 73.65, 36
2026/09/20 15:04:53.066, 2, 2690, 72.03, 36
2026/09/20 15:04:54.098, 5, 2690, 75.46, 36
2026/09/20 15:04:55.130, 2, 2690, 76.88, 36
2026/09/20 15:04:56.162, 0, 2690, 73.82, 36
2026/09/20 15:04:57.193, 0, 2690, 73.07, 36
2026/09/20 15:04:58.224, 2, 2690, 73.25, 36
2026/09/20 15:04:59.255, 2, 2690, 75.62, 36
2026/09/20 15:05:00.288, 4, 2690, 123.54, 38
2026/09/20 15:05:01.318, 0, 2690, 103.68, 38
2026/09/20 15:05:02.349, 0, 2690, 80.25, 37
2026/09/20 15:05:03.381, 2, 2690, 72.49, 36
2026/09/20 15:05:04.411, 2, 2690, 75.86, 36
2026/09/20 15:05:05.443, 2, 2690, 76.21, 36
2026/09/20 15:05:06.482, 0, 2690, 74.28, 36
2026/09/20 15:05:07.532, 0, 2690, 72.55, 36
2026/09/20 15:05:08.562, 4, 2690, 73.92, 36
2026/09/20 15:05:09.593, 3, 2690, 75.21, 36
2026/09/20 15:05:10.623, 5, 2690, 75.13, 36
2026/09/20 15:05:11.657, 0, 2690, 73.01, 36
2026/09/20 15:05:12.689, 0, 2690, 71.79, 36
2026/09/20 15:05:13.720, 2, 2690, 75.46, 36
2026/09/20 15:05:14.752, 0, 2690, 75.54, 36
2026/09/20 15:05:15.782, 2, 2690, 74.69, 36
2026/09/20 15:05:16.811, 0, 2690, 72.27, 36
2026/09/20 15:05:17.842, 2, 2690, 74.41, 36
2026/09/20 15:05:18.872, 63, 2690, 96.56, 39
2026/09/20 15:05:19.904, 2, 2690, 112.06, 38
2026/09/20 15:05:20.939, 0, 2690, 103.37, 38
2026/09/20 15:05:21.970, 0, 2690, 74.25, 36
2026/09/20 15:05:23.001, 2, 2690, 71.77, 36
2026/09/20 15:05:24.032, 0, 2690, 74.12, 36
2026/09/20 15:05:25.063, 2, 2690, 74.01, 36
2026/09/20 15:05:26.094, 0, 2690, 72.85, 36
2026/09/20 15:05:27.125, 0, 2690, 70.82, 36
2026/09/20 15:05:28.157, 2, 2690, 72.49, 36
2026/09/20 15:05:29.187, 2, 2690, 75.04, 36
2026/09/20 15:05:30.217, 0, 2690, 73.80, 36
2026/09/20 15:05:31.249, 0, 2690, 73.47, 36
2026/09/20 15:05:32.279, 2, 2690, 70.88, 36
2026/09/20 15:05:33.310, 0, 2690, 73.83, 36
2026/09/20 15:05:34.340, 2, 2690, 74.89, 36
2026/09/20 15:05:35.372, 2, 2690, 73.21, 36
2026/09/20 15:05:36.401, 0, 2690, 70.56, 36
2026/09/20 15:05:37.433, 2, 2690, 72.87, 36
2026/09/20 15:05:38.465, 63, 2690, 93.76, 40
2026/09/20 15:05:39.496, 2, 2690, 111.23, 38
2026/09/20 15:05:40.526, 4, 2690, 103.25, 38
2026/09/20 15:05:41.555, 0, 2690, 74.20, 36
2026/09/20 15:05:42.586, 2, 2690, 71.95, 36
2026/09/20 15:05:43.617, 2, 2690, 74.72, 36
2026/09/20 15:05:44.648, 0, 2690, 75.01, 36
2026/09/20 15:05:45.679, 2, 2690, 73.67, 36
2026/09/20 15:05:46.710, 0, 2690, 71.26, 36
2026/09/20 15:05:47.745, 4, 2690, 73.93, 36
2026/09/20 15:05:48.776, 4, 2690, 74.95, 36
2026/09/20 15:05:49.805, 5, 2690, 73.91, 36
2026/09/20 15:05:50.839, 0, 2690, 73.18, 36
2026/09/20 15:05:51.869, 2, 2690, 71.43, 36
2026/09/20 15:05:52.901, 2, 2690, 75.09, 36
2026/09/20 15:05:53.931, 2, 2690, 74.97, 36
2026/09/20 15:05:54.961, 2, 2690, 73.68, 36
2026/09/20 15:05:55.990, 0, 2690, 70.58, 36
2026/09/20 15:05:57.019, 2, 2690, 74.32, 36
2026/09/20 15:05:58.049, 63, 2690, 88.94, 40
2026/09/20 15:05:59.080, 4, 2690, 108.38, 38
2026/09/20 15:06:00.109, 5, 2690, 103.13, 38
2026/09/20 15:06:01.141, 0, 2690, 74.28, 37
2026/09/20 15:06:02.173, 2, 2690, 73.55, 37
2026/09/20 15:06:03.204, 0, 2690, 75.98, 37
2026/09/20 15:06:04.234, 2, 2690, 76.03, 36
2026/09/20 15:06:05.265, 0, 2690, 74.21, 37
2026/09/20 15:06:06.294, 0, 2690, 71.71, 36
2026/09/20 15:06:07.331, 2, 2690, 74.00, 36
2026/09/20 15:06:08.367, 4, 2690, 75.98, 36
2026/09/20 15:06:09.396, 0, 2690, 74.10, 36
2026/09/20 15:06:10.429, 0, 2690, 72.45, 36
2026/09/20 15:06:11.458, 0, 2690, 72.69, 36
2026/09/20 15:06:12.486, 0, 2690, 75.41, 36
2026/09/20 15:06:13.516, 0, 2690, 74.87, 36
2026/09/20 15:06:14.545, 2, 2690, 74.07, 36
2026/09/20 15:06:15.575, 0, 2690, 71.40, 36
2026/09/20 15:06:16.604, 2, 2690, 74.26, 36
2026/09/20 15:06:17.634, 59, 2690, 85.03, 39
2026/09/20 15:06:18.667, 2, 2690, 112.67, 38
2026/09/20 15:06:19.698, 0, 2690, 103.29, 38
2026/09/20 15:06:20.728, 0, 2690, 75.08, 37
2026/09/20 15:06:21.758, 2, 2690, 72.84, 37
2026/09/20 15:06:22.789, 2, 2690, 75.66, 37
2026/09/20 15:06:23.818, 0, 2690, 75.60, 37
2026/09/20 15:06:24.849, 4, 2690, 74.89, 36
2026/09/20 15:06:25.878, 0, 2690, 72.11, 36
2026/09/20 15:06:26.907, 2, 2690, 73.78, 37
2026/09/20 15:06:27.937, 4, 2690, 76.39, 36
2026/09/20 15:06:28.968, 5, 2690, 75.20, 37
2026/09/20 15:06:29.999, 0, 2690, 72.64, 36
2026/09/20 15:06:31.030, 2, 2690, 72.41, 36
2026/09/20 15:06:32.061, 0, 2690, 75.33, 37
2026/09/20 15:06:33.092, 2, 2690, 75.53, 37
2026/09/20 15:06:34.122, 2, 2690, 74.23, 36
2026/09/20 15:06:35.154, 0, 2690, 71.74, 36
2026/09/20 15:06:36.184, 0, 2690, 73.94, 36
2026/09/20 15:06:37.216, 61, 2690, 95.60, 39
2026/09/20 15:06:38.247, 2, 2690, 110.59, 38
2026/09/20 15:06:39.278, 3, 2690, 97.52, 38
2026/09/20 15:06:40.308, 0, 2690, 73.78, 37
2026/09/20 15:06:41.339, 2, 2690, 73.04, 37
2026/09/20 15:06:42.369, 2, 2690, 75.15, 37
2026/09/20 15:06:43.401, 2, 2690, 75.24, 37
2026/09/20 15:06:44.432, 0, 2690, 73.28, 37
2026/09/20 15:06:45.469, 0, 2690, 71.65, 36
2026/09/20 15:06:46.501, 2, 2690, 73.48, 37
2026/09/20 15:06:47.532, 2, 2690, 75.21, 37
2026/09/20 15:06:48.562, 0, 2690, 74.90, 37
2026/09/20 15:06:49.593, 0, 2690, 73.09, 37
2026/09/20 15:06:50.625, 2, 2690, 71.89, 36
2026/09/20 15:06:51.655, 2, 2690, 75.74, 37
2026/09/20 15:06:52.687, 2, 2690, 75.50, 37
2026/09/20 15:06:53.718, 0, 2690, 74.37, 37
2026/09/20 15:06:54.749, 0, 2690, 72.81, 36
2026/09/20 15:06:55.779, 2, 2690, 73.43, 36
2026/09/20 15:06:56.809, 21, 2690, 77.84, 37
2026/09/20 15:06:57.840, 3, 2690, 124.35, 38
2026/09/20 15:06:58.870, 0, 2690, 103.24, 38
2026/09/20 15:06:59.899, 0, 2690, 74.39, 37
2026/09/20 15:07:00.930, 2, 2690, 71.97, 37
2026/09/20 15:07:01.971, 0, 2690, 75.36, 37
2026/09/20 15:07:03.001, 2, 2690, 75.33, 37
2026/09/20 15:07:04.029, 0, 2690, 74.23, 37
2026/09/20 15:07:05.059, 0, 2690, 71.74, 37
2026/09/20 15:07:06.091, 4, 2690, 73.41, 37
2026/09/20 15:07:07.121, 2, 2690, 75.75, 37
2026/09/20 15:07:08.154, 0, 2690, 74.65, 37
2026/09/20 15:07:09.196, 0, 2690, 72.92, 36
2026/09/20 15:07:10.227, 2, 2690, 72.16, 37
2026/09/20 15:07:11.256, 0, 2690, 75.71, 37
2026/09/20 15:07:12.286, 2, 2690, 75.61, 37
2026/09/20 15:07:13.319, 2, 2690, 74.50, 37
2026/09/20 15:07:14.353, 0, 2690, 71.99, 36
2026/09/20 15:07:15.385, 0, 2690, 74.13, 36
2026/09/20 15:07:16.417, 62, 2690, 97.66, 40
2026/09/20 15:07:17.449, 2, 2690, 116.04, 38
2026/09/20 15:07:18.480, 0, 2690, 98.37, 38
2026/09/20 15:07:19.512, 0, 2690, 73.50, 37
2026/09/20 15:07:20.544, 2, 2690, 72.49, 37
2026/09/20 15:07:21.578, 0, 2690, 75.82, 37
2026/09/20 15:07:22.609, 2, 2690, 75.65, 37
2026/09/20 15:07:23.641, 0, 2690, 74.32, 37
2026/09/20 15:07:24.674, 0, 2690, 71.75, 36
2026/09/20 15:07:25.706, 0, 2690, 74.01, 36
2026/09/20 15:07:26.739, 2, 2690, 76.71, 37
2026/09/20 15:07:27.770, 5, 2690, 74.47, 36
2026/09/20 15:07:28.802, 0, 2690, 72.34, 36
2026/09/20 15:07:29.834, 0, 2690, 72.47, 37
2026/09/20 15:07:30.866, 4, 2690, 75.71, 37
2026/09/20 15:07:31.900, 0, 2690, 75.35, 36
2026/09/20 15:07:32.931, 0, 2690, 74.16, 36
2026/09/20 15:07:33.963, 0, 2690, 72.16, 37
2026/09/20 15:07:34.995, 2, 2690, 75.37, 37
2026/09/20 15:07:36.028, 35, 2690, 111.18, 39
2026/09/20 15:07:37.058, 2, 2690, 103.17, 38
2026/09/20 15:07:38.091, 5, 2690, 92.93, 37
2026/09/20 15:07:39.124, 0, 2690, 72.43, 37
2026/09/20 15:07:40.156, 0, 2690, 73.18, 37
2026/09/20 15:07:41.191, 2, 2690, 75.50, 37
2026/09/20 15:07:42.225, 0, 2690, 75.49, 37
2026/09/20 15:07:43.257, 0, 2690, 74.04, 37
2026/09/20 15:07:44.288, 2, 2690, 71.84, 37
2026/09/20 15:07:45.320, 2, 2690, 75.39, 37
2026/09/20 15:07:46.351, 0, 2690, 75.41, 37
2026/09/20 15:07:47.382, 0, 2690, 74.97, 37
2026/09/20 15:07:48.414, 0, 2690, 72.55, 37
2026/09/20 15:07:49.446, 2, 2690, 73.79, 37
2026/09/20 15:07:50.476, 2, 2690, 75.99, 37
2026/09/20 15:07:51.507, 5, 2690, 74.98, 37
2026/09/20 15:07:52.540, 0, 2690, 73.29, 37
2026/09/20 15:07:53.574, 2, 2690, 72.42, 37
2026/09/20 15:07:54.608, 2, 2690, 75.14, 37
2026/09/20 15:07:55.641, 2, 2690, 113.12, 39
2026/09/20 15:07:56.672, 2, 2690, 103.03, 39
2026/09/20 15:07:57.701, 0, 2690, 85.94, 37
2026/09/20 15:07:58.732, 0, 2690, 71.93, 37
2026/09/20 15:07:59.762, 2, 2690, 74.24, 37
2026/09/20 15:08:00.794, 4, 2690, 76.20, 37
2026/09/20 15:08:01.826, 5, 2690, 75.15, 37
2026/09/20 15:08:02.856, 0, 2690, 72.98, 37
2026/09/20 15:08:03.889, 0, 2690, 72.43, 37
2026/09/20 15:08:04.919, 2, 2690, 76.07, 37
2026/09/20 15:08:05.949, 2, 2690, 75.68, 37
2026/09/20 15:08:06.980, 0, 2690, 74.31, 37
2026/09/20 15:08:08.012, 0, 2690, 71.55, 37
2026/09/20 15:08:09.049, 0, 2690, 73.95, 37
2026/09/20 15:08:10.094, 2, 2690, 76.36, 37
2026/09/20 15:08:11.126, 0, 2690, 74.26, 37
2026/09/20 15:08:12.156, 0, 2690, 72.40, 37
2026/09/20 15:08:13.189, 2, 2690, 72.25, 37
2026/09/20 15:08:14.220, 2, 2690, 75.41, 37
2026/09/20 15:08:15.253, 2, 2690, 116.92, 38
2026/09/20 15:08:16.283, 2, 2690, 103.16, 38
2026/09/20 15:08:17.313, 0, 2690, 80.75, 37
2026/09/20 15:08:18.346, 0, 2690, 72.14, 37
2026/09/20 15:08:19.407, 4, 2690, 74.37, 37
2026/09/20 15:08:20.438, 2, 2690, 77.40, 37
2026/09/20 15:08:21.477, 5, 2690, 74.77, 37
2026/09/20 15:08:22.508, 0, 2690, 72.56, 37
2026/09/20 15:08:23.541, 0, 2690, 73.12, 37
2026/09/20 15:08:24.574, 4, 2690, 76.38, 37
2026/09/20 15:08:25.607, 0, 2690, 75.12, 37
2026/09/20 15:08:26.639, 0, 2690, 73.93, 37
2026/09/20 15:08:27.670, 0, 2690, 71.61, 37
2026/09/20 15:08:28.701, 0, 2690, 75.37, 37
2026/09/20 15:08:29.734, 2, 2690, 75.75, 37
2026/09/20 15:08:30.771, 2, 2690, 74.03, 37
2026/09/20 15:08:31.804, 0, 2690, 72.22, 36
2026/09/20 15:08:32.834, 4, 2690, 73.31, 37
2026/09/20 15:08:33.864, 63, 2690, 94.61, 40
2026/09/20 15:08:34.894, 3, 2690, 118.59, 38
2026/09/20 15:08:35.923, 0, 2690, 102.34, 38
2026/09/20 15:08:36.954, 0, 2690, 73.77, 37
2026/09/20 15:08:37.986, 2, 2690, 72.05, 37
2026/09/20 15:08:39.019, 0, 2690, 75.08, 37
2026/09/20 15:08:40.051, 2, 2690, 75.21, 37
2026/09/20 15:08:41.084, 2, 2690, 74.28, 38
2026/09/20 15:08:42.115, 0, 2690, 71.32, 36
2026/09/20 15:08:43.146, 2, 2690, 74.23, 37
2026/09/20 15:08:44.175, 2, 2690, 76.66, 37
2026/09/20 15:08:45.206, 0, 2690, 74.21, 37
2026/09/20 15:08:46.240, 0, 2690, 72.83, 36
2026/09/20 15:08:47.272, 2, 2690, 72.79, 36
2026/09/20 15:08:48.306, 2, 2690, 75.69, 37
2026/09/20 15:08:49.338, 2, 2690, 75.50, 37
2026/09/20 15:08:50.369, 0, 2690, 73.82, 36
2026/09/20 15:08:51.399, 0, 2690, 71.71, 36
2026/09/20 15:08:52.428, 4, 2690, 73.63, 37
2026/09/20 15:08:53.459, 73, 2690, 108.52, 39
2026/09/20 15:08:54.489, 2, 2690, 103.44, 38
2026/09/20 15:08:55.520, 0, 2690, 97.69, 38
2026/09/20 15:08:56.552, 0, 2690, 73.89, 37
2026/09/20 15:08:57.584, 0, 2690, 72.97, 37
2026/09/20 15:08:58.615, 2, 2690, 75.90, 37
2026/09/20 15:08:59.647, 2, 2690, 76.22, 37
2026/09/20 15:09:00.679, 0, 2690, 74.38, 37
2026/09/20 15:09:01.715, 0, 2690, 72.01, 36
2026/09/20 15:09:02.747, 7, 2690, 75.90, 37
2026/09/20 15:09:03.776, 2, 2690, 75.68, 37
2026/09/20 15:09:04.807, 4, 2690, 74.46, 37
2026/09/20 15:09:05.840, 0, 2690, 72.45, 36
2026/09/20 15:09:06.871, 2, 2690, 73.84, 37
2026/09/20 15:09:07.902, 4, 2690, 76.27, 37
2026/09/20 15:09:08.933, 0, 2690, 74.71, 37
2026/09/20 15:09:09.964, 0, 2690, 73.39, 36
2026/09/20 15:09:10.996, 2, 2690, 72.71, 36
2026/09/20 15:09:12.030, 0, 2690, 76.07, 37
2026/09/20 15:09:13.062, 2, 2690, 116.77, 39
2026/09/20 15:09:14.091, 2, 2690, 103.44, 38
2026/09/20 15:09:15.122, 0, 2690, 91.86, 37
2026/09/20 15:09:16.155, 0, 2690, 72.74, 37
2026/09/20 15:09:17.187, 2, 2690, 73.73, 37
2026/09/20 15:09:18.218, 2, 2690, 76.18, 37
2026/09/20 15:09:19.249, 5, 2690, 75.01, 37
2026/09/20 15:09:20.304, 0, 2690, 74.04, 37
2026/09/20 15:09:21.336, 2, 2690, 73.14, 37
2026/09/20 15:09:22.368, 0, 2690, 75.60, 37
2026/09/20 15:09:23.402, 1, 2690, 76.11, 37
2026/09/20 15:09:24.435, 0, 2690, 75.13, 37
2026/09/20 15:09:25.467, 0, 2690, 72.05, 36
2026/09/20 15:09:26.497, 0, 2690, 74.00, 36
2026/09/20 15:09:27.532, 2, 2690, 76.71, 37
2026/09/20 15:09:28.564, 5, 2690, 74.69, 36
2026/09/20 15:09:29.596, 0, 2690, 72.81, 36
2026/09/20 15:09:30.629, 0, 2690, 73.69, 37
2026/09/20 15:09:31.659, 2, 2690, 76.60, 37
2026/09/20 15:09:32.691, 2, 2690, 125.74, 39
2026/09/20 15:09:33.720, 2, 2690, 103.29, 38
2026/09/20 15:09:34.750, 0, 2690, 82.40, 37
2026/09/20 15:09:35.782, 0, 2690, 72.10, 37
2026/09/20 15:09:36.813, 8, 2690, 75.78, 37
2026/09/20 15:09:37.845, 2, 2690, 76.77, 37
2026/09/20 15:09:38.875, 0, 2690, 74.64, 37
2026/09/20 15:09:39.906, 0, 2690, 72.27, 37
2026/09/20 15:09:40.937, 2, 2690, 73.67, 37
2026/09/20 15:09:41.969, 4, 2690, 76.43, 37
2026/09/20 15:09:43.001, 0, 2690, 74.35, 37
2026/09/20 15:09:44.030, 0, 2690, 73.77, 37
2026/09/20 15:09:45.060, 2, 2690, 72.42, 37
2026/09/20 15:09:46.090, 0, 2690, 75.36, 37
2026/09/20 15:09:47.121, 2, 2690, 75.63, 37
2026/09/20 15:09:48.155, 0, 2690, 74.45, 37
2026/09/20 15:09:49.186, 0, 2690, 72.19, 36
2026/09/20 15:09:50.220, 2, 2690, 74.42, 37
2026/09/20 15:09:51.254, 63, 2690, 96.29, 40
2026/09/20 15:09:52.286, 2, 2690, 110.56, 39
2026/09/20 15:09:53.315, 5, 2690, 103.06, 38
2026/09/20 15:09:54.346, 0, 2690, 76.62, 37
2026/09/20 15:09:55.377, 2, 2690, 72.53, 37
2026/09/20 15:09:56.409, 2, 2690, 75.98, 37
2026/09/20 15:09:57.439, 2, 2690, 75.85, 37
2026/09/20 15:09:58.471, 2, 2690, 74.35, 37
2026/09/20 15:09:59.501, 0, 2690, 71.45, 36
2026/09/20 15:10:00.532, 2, 2690, 73.74, 37
2026/09/20 15:10:01.565, 2, 2690, 76.73, 37
2026/09/20 15:10:02.596, 0, 2690, 74.70, 37
2026/09/20 15:10:03.626, 0, 2690, 73.03, 36
2026/09/20 15:10:04.657, 0, 2690, 73.07, 36
2026/09/20 15:10:05.686, 0, 2690, 75.50, 37
2026/09/20 15:10:06.716, 0, 2690, 75.46, 37
2026/09/20 15:10:07.746, 2, 2690, 74.48, 36
2026/09/20 15:10:08.778, 0, 2690, 71.72, 36
2026/09/20 15:10:09.808, 0, 2690, 74.05, 36
2026/09/20 15:10:10.840, 63, 2690, 92.36, 40
2026/09/20 15:10:11.870, 2, 2690, 106.48, 38
2026/09/20 15:10:12.911, 5, 2690, 102.89, 38
2026/09/20 15:10:13.942, 0, 2690, 77.15, 37
2026/09/20 15:10:14.971, 2, 2690, 72.68, 37
2026/09/20 15:10:16.001, 2, 2690, 75.80, 37
2026/09/20 15:10:17.031, 0, 2690, 76.04, 37
2026/09/20 15:10:18.060, 2, 2690, 74.82, 37
2026/09/20 15:10:19.090, 0, 2690, 72.28, 36
2026/09/20 15:10:20.121, 0, 2690, 74.19, 37
2026/09/20 15:10:21.156, 2, 2690, 77.84, 37
2026/09/20 15:10:22.191, 0, 2690, 75.31, 37
2026/09/20 15:10:23.221, 0, 2690, 72.92, 36
2026/09/20 15:10:24.251, 0, 2690, 72.71, 37
2026/09/20 15:10:25.281, 2, 2690, 76.01, 37
2026/09/20 15:10:26.311, 2, 2690, 76.18, 37
2026/09/20 15:10:27.341, 0, 2690, 74.69, 36
2026/09/20 15:10:28.370, 0, 2690, 72.24, 36
2026/09/20 15:10:29.400, 7, 2690, 75.89, 36
2026/09/20 15:10:30.433, 72, 2690, 107.12, 39
2026/09/20 15:10:31.469, 2, 2690, 104.18, 39
2026/09/20 15:10:32.500, 0, 2690, 98.10, 38
2026/09/20 15:10:33.530, 0, 2690, 73.87, 37
2026/09/20 15:10:34.560, 2, 2690, 73.41, 37
2026/09/20 15:10:35.590, 2, 2690, 76.53, 37
2026/09/20 15:10:36.622, 2, 2690, 76.19, 37
2026/09/20 15:10:37.652, 0, 2690, 75.03, 36
2026/09/20 15:10:38.681, 2, 2690, 72.68, 36
2026/09/20 15:10:39.711, 8, 2690, 75.86, 37
2026/09/20 15:10:40.744, 2, 2690, 77.20, 36
2026/09/20 15:10:41.774, 0, 2690, 75.73, 36
2026/09/20 15:10:42.805, 0, 2690, 72.79, 36
2026/09/20 15:10:43.836, 3, 2690, 74.54, 36
2026/09/20 15:10:44.867, 2, 2690, 76.48, 37
2026/09/20 15:10:45.897, 5, 2690, 76.10, 37
2026/09/20 15:10:46.924, 0, 2690, 74.44, 36
2026/09/20 15:10:47.954, 0, 2690, 72.57, 36
2026/09/20 15:10:48.983, 0, 2690, 75.35, 36
2026/09/20 15:10:50.012, 2, 2690, 112.68, 39
2026/09/20 15:10:51.039, 0, 2690, 103.46, 38
2026/09/20 15:10:52.069, 0, 2690, 88.00, 37
2026/09/20 15:10:53.098, 0, 2690, 71.69, 37
2026/09/20 15:10:54.128, 2, 2690, 72.11, 37
2026/09/20 15:10:55.158, 4, 2690, 74.62, 37
2026/09/20 15:10:56.187, 1, 2690, 73.78, 36
2026/09/20 15:10:57.216, 0, 2690, 72.74, 36
2026/09/20 15:10:58.245, 1, 2690, 71.27, 36
2026/09/20 15:10:59.273, 0, 2690, 74.72, 36
2026/09/20 15:11:00.302, 2, 2690, 75.20, 36
2026/09/20 15:11:01.332, 0, 2690, 74.11, 36
2026/09/20 15:11:02.363, 0, 2690, 71.03, 36
2026/09/20 15:11:03.394, 4, 2690, 72.82, 36
2026/09/20 15:11:04.424, 2, 2690, 75.03, 36
2026/09/20 15:11:05.454, 2, 2690, 74.45, 36
2026/09/20 15:11:06.484, 0, 2690, 73.26, 36
2026/09/20 15:11:07.515, 0, 2690, 71.07, 36
2026/09/20 15:11:08.543, 0, 2690, 73.73, 36
2026/09/20 15:11:09.573, 68, 2690, 105.74, 39
2026/09/20 15:11:10.606, 4, 2690, 108.25, 38
2026/09/20 15:11:11.638, 5, 2690, 101.49, 38
2026/09/20 15:11:12.667, 0, 2690, 72.45, 37
2026/09/20 15:11:13.696, 2, 2690, 71.00, 37
2026/09/20 15:11:14.725, 2, 2690, 75.43, 37
2026/09/20 15:11:15.754, 2, 2690, 74.70, 37
2026/09/20 15:11:16.783, 0, 2690, 73.47, 36
2026/09/20 15:11:17.814, 0, 2690, 70.82, 36
2026/09/20 15:11:18.843, 2, 2690, 71.71, 36
2026/09/20 15:11:19.873, 2, 2690, 74.98, 36
2026/09/20 15:11:20.904, 0, 2690, 74.63, 36
2026/09/20 15:11:21.934, 0, 2690, 74.12, 36
2026/09/20 15:11:22.965, 0, 2690, 72.04, 36
2026/09/20 15:11:23.993, 1, 2690, 75.58, 36
2026/09/20 15:11:25.023, 2, 2690, 75.79, 36
2026/09/20 15:11:26.052, 0, 2690, 74.50, 36
2026/09/20 15:11:27.079, 0, 2690, 71.78, 36
2026/09/20 15:11:28.108, 2, 2690, 73.30, 36
2026/09/20 15:11:29.137, 40, 2690, 81.26, 39
2026/09/20 15:11:30.166, 2, 2690, 114.82, 38
2026/09/20 15:11:31.195, 0, 2690, 103.08, 38
2026/09/20 15:11:32.228, 0, 2690, 76.97, 37
2026/09/20 15:11:33.262, 2, 2690, 72.49, 36
2026/09/20 15:11:34.292, 0, 2690, 75.50, 37
2026/09/20 15:11:35.322, 2, 2690, 75.43, 36
2026/09/20 15:11:36.352, 0, 2690, 74.56, 37
2026/09/20 15:11:37.383, 0, 2690, 72.38, 36
2026/09/20 15:11:38.412, 2, 2690, 74.46, 36
2026/09/20 15:11:39.440, 4, 2690, 76.26, 37
2026/09/20 15:11:40.469, 0, 2690, 74.54, 36
2026/09/20 15:11:41.497, 0, 2690, 73.26, 36
2026/09/20 15:11:42.527, 2, 2690, 72.85, 36
2026/09/20 15:11:43.557, 2, 2690, 75.70, 36
2026/09/20 15:11:44.587, 2, 2690, 75.72, 36
2026/09/20 15:11:45.618, 2, 2690, 74.76, 36
2026/09/20 15:11:46.648, 0, 2690, 72.37, 36
2026/09/20 15:11:47.677, 0, 2690, 74.16, 36
2026/09/20 15:11:48.706, 62, 2690, 96.23, 39
2026/09/20 15:11:49.733, 2, 2690, 109.54, 38
2026/09/20 15:11:50.763, 0, 2690, 99.64, 38
2026/09/20 15:11:51.793, 0, 2690, 73.02, 37
2026/09/20 15:11:52.825, 2, 2690, 72.82, 37
2026/09/20 15:11:53.857, 0, 2690, 75.34, 37
2026/09/20 15:11:54.888, 2, 2690, 75.69, 37
2026/09/20 15:11:55.920, 2, 2690, 74.27, 36
2026/09/20 15:11:56.952, 0, 2690, 71.67, 36
2026/09/20 15:11:57.983, 0, 2690, 73.94, 36
2026/09/20 15:11:59.015, 2, 2690, 76.33, 36
2026/09/20 15:12:00.046, 0, 2690, 74.21, 36
2026/09/20 15:12:01.087, 0, 2690, 73.41, 36
2026/09/20 15:12:02.121, 2, 2690, 73.65, 36
2026/09/20 15:12:03.152, 0, 2690, 76.16, 36
2026/09/20 15:12:04.184, 0, 2690, 75.78, 36
2026/09/20 15:12:05.217, 0, 2690, 73.81, 36
2026/09/20 15:12:06.249, 0, 2690, 71.61, 36
2026/09/20 15:12:07.282, 8, 2690, 75.51, 37
2026/09/20 15:12:08.313, 72, 2690, 107.01, 39
2026/09/20 15:12:09.344, 4, 2690, 104.22, 38
2026/09/20 15:12:10.376, 0, 2690, 94.26, 37
2026/09/20 15:12:11.408, 0, 2690, 73.79, 37
2026/09/20 15:12:12.439, 2, 2690, 72.51, 36
2026/09/20 15:12:13.472, 4, 2690, 75.72, 36
2026/09/20 15:12:14.501, 0, 2690, 75.15, 36
2026/09/20 15:12:15.532, 0, 2690, 73.73, 36
2026/09/20 15:12:16.563, 2, 2690, 71.64, 36
2026/09/20 15:12:17.595, 8, 2690, 75.01, 37
2026/09/20 15:12:18.627, 2, 2690, 76.47, 36
2026/09/20 15:12:19.659, 5, 2690, 74.11, 36
2026/09/20 15:12:20.690, 0, 2690, 72.54, 36
2026/09/20 15:12:21.722, 2, 2690, 73.37, 36
2026/09/20 15:12:22.754, 2, 2690, 76.00, 36
2026/09/20 15:12:23.785, 5, 2690, 75.25, 36
2026/09/20 15:12:24.816, 0, 2690, 73.57, 36
2026/09/20 15:12:25.848, 2, 2690, 71.83, 36
2026/09/20 15:12:26.879, 0, 2690, 75.30, 36
2026/09/20 15:12:27.912, 2, 2690, 111.97, 39
2026/09/20 15:12:28.944, 2, 2690, 102.99, 38
2026/09/20 15:12:29.975, 0, 2690, 88.38, 37
2026/09/20 15:12:31.012, 0, 2690, 72.09, 37
2026/09/20 15:12:32.043, 2, 2690, 73.71, 37
2026/09/20 15:12:33.073, 2, 2690, 75.67, 36
2026/09/20 15:12:34.105, 5, 2690, 75.03, 37
2026/09/20 15:12:35.137, 0, 2690, 73.14, 36
2026/09/20 15:12:36.168, 0, 2690, 71.58, 36
2026/09/20 15:12:37.199, 2, 2690, 74.87, 36
2026/09/20 15:12:38.230, 2, 2690, 75.13, 36
2026/09/20 15:12:39.259, 2, 2690, 74.25, 36
2026/09/20 15:12:40.290, 0, 2690, 71.70, 36
2026/09/20 15:12:41.327, 0, 2690, 74.13, 36
2026/09/20 15:12:42.359, 2, 2690, 75.79, 36
2026/09/20 15:12:43.389, 0, 2690, 73.96, 36
2026/09/20 15:12:44.421, 0, 2690, 72.71, 36
2026/09/20 15:12:45.452, 2, 2690, 71.99, 36
2026/09/20 15:12:46.483, 2, 2690, 75.55, 36
2026/09/20 15:12:47.515, 2, 2690, 117.33, 38
2026/09/20 15:12:48.545, 2, 2690, 103.11, 38
2026/09/20 15:12:49.575, 0, 2690, 83.02, 37
2026/09/20 15:12:50.606, 0, 2690, 71.67, 37
2026/09/20 15:12:51.636, 0, 2690, 73.89, 37
2026/09/20 15:12:52.668, 2, 2690, 75.80, 37
2026/09/20 15:12:53.699, 0, 2690, 73.97, 37
2026/09/20 15:12:54.730, 0, 2690, 72.53, 36
2026/09/20 15:12:55.761, 2, 2690, 71.82, 36
2026/09/20 15:12:56.792, 0, 2690, 74.66, 36
2026/09/20 15:12:57.824, 2, 2690, 74.72, 37
2026/09/20 15:12:58.854, 0, 2690, 73.54, 36
2026/09/20 15:12:59.887, 0, 2690, 70.91, 36
2026/09/20 15:13:00.918, 0, 2690, 73.74, 36
2026/09/20 15:13:01.949, 4, 2690, 76.15, 37
2026/09/20 15:13:02.978, 0, 2690, 73.84, 36
2026/09/20 15:13:04.010, 0, 2690, 72.59, 36
2026/09/20 15:13:05.042, 2, 2690, 72.32, 36
2026/09/20 15:13:06.074, 4, 2690, 75.24, 36
2026/09/20 15:13:07.104, 0, 2690, 122.73, 38
2026/09/20 15:13:08.135, 0, 2690, 102.69, 38
2026/09/20 15:13:09.165, 0, 2690, 84.13, 37
2026/09/20 15:13:10.197, 0, 2690, 71.09, 37
2026/09/20 15:13:11.226, 0, 2690, 74.08, 39
2026/09/20 15:13:12.255, 2, 2690, 75.82, 37
2026/09/20 15:13:13.287, 0, 2690, 72.92, 37
2026/09/20 15:13:14.319, 0, 2690, 72.51, 36
2026/09/20 15:13:15.349, 0, 2690, 72.20, 36
2026/09/20 15:13:16.380, 2, 2690, 75.58, 37
2026/09/20 15:13:17.410, 0, 2690, 74.61, 37
2026/09/20 15:13:18.442, 0, 2690, 73.15, 36
2026/09/20 15:13:19.473, 2, 2690, 71.06, 36
2026/09/20 15:13:20.503, 2, 2690, 75.09, 37
2026/09/20 15:13:21.534, 2, 2690, 75.32, 37
2026/09/20 15:13:22.564, 0, 2690, 73.95, 37
2026/09/20 15:13:23.595, 0, 2690, 71.71, 36
2026/09/20 15:13:24.628, 2, 2690, 73.03, 36
2026/09/20 15:13:25.658, 2, 2690, 83.22, 39
2026/09/20 15:13:26.689, 3, 2690, 118.91, 38
2026/09/20 15:13:27.718, 0, 2690, 102.79, 38
2026/09/20 15:13:28.748, 0, 2690, 79.75, 37
2026/09/20 15:13:29.779, 2, 2690, 72.22, 37
2026/09/20 15:13:30.826, 0, 2690, 75.16, 37
2026/09/20 15:13:31.859, 2, 2690, 75.74, 37
2026/09/20 15:13:32.889, 2, 2690, 74.01, 37
2026/09/20 15:13:33.921, 0, 2690, 71.44, 36
2026/09/20 15:13:34.951, 2, 2690, 74.35, 37
2026/09/20 15:13:35.982, 4, 2690, 75.94, 37
2026/09/20 15:13:37.012, 5, 2690, 75.06, 37
2026/09/20 15:13:38.043, 0, 2690, 73.62, 36
2026/09/20 15:13:39.073, 0, 2690, 72.21, 36
2026/09/20 15:13:40.105, 2, 2690, 75.46, 37
2026/09/20 15:13:41.138, 2, 2690, 75.94, 37
2026/09/20 15:13:42.168, 0, 2690, 73.92, 37
2026/09/20 15:13:43.198, 0, 2690, 71.47, 36
2026/09/20 15:13:44.235, 0, 2690, 73.92, 36
2026/09/20 15:13:45.289, 69, 2690, 107.31, 40
2026/09/20 15:13:46.319, 4, 2690, 108.63, 39
2026/09/20 15:13:47.348, 0, 2690, 97.29, 38
2026/09/20 15:13:48.380, 0, 2690, 73.38, 37
2026/09/20 15:13:49.411, 2, 2690, 72.60, 37
2026/09/20 15:13:50.442, 0, 2690, 75.30, 37
2026/09/20 15:13:51.473, 2, 2690, 75.59, 37
2026/09/20 15:13:52.504, 0, 2690, 73.63, 37
2026/09/20 15:13:53.535, 0, 2690, 71.41, 37
2026/09/20 15:13:54.566, 2, 2690, 74.24, 37
2026/09/20 15:13:55.599, 2, 2690, 76.47, 37
2026/09/20 15:13:56.629, 0, 2690, 74.05, 37
2026/09/20 15:13:57.658, 0, 2690, 72.54, 36
2026/09/20 15:13:58.688, 0, 2690, 72.83, 37
2026/09/20 15:13:59.718, 4, 2690, 75.86, 37
2026/09/20 15:14:00.749, 0, 2690, 75.50, 37
2026/09/20 15:14:01.782, 0, 2690, 73.71, 36
2026/09/20 15:14:02.814, 0, 2690, 71.35, 36
2026/09/20 15:14:03.842, 8, 2690, 75.23, 37
2026/09/20 15:14:04.872, 3, 2690, 109.40, 39
2026/09/20 15:14:05.905, 2, 2690, 103.07, 39
2026/09/20 15:14:06.936, 0, 2690, 91.53, 37
2026/09/20 15:14:07.967, 0, 2690, 73.20, 37
2026/09/20 15:14:08.999, 2, 2690, 72.54, 37
2026/09/20 15:14:10.031, 1, 2690, 75.28, 37
2026/09/20 15:14:11.063, 2, 2690, 75.45, 37
2026/09/20 15:14:12.095, 0, 2690, 74.47, 37
2026/09/20 15:14:13.123, 0, 2690, 71.36, 36
2026/09/20 15:14:14.151, 0, 2690, 75.21, 38
2026/09/20 15:14:15.183, 2, 2690, 75.47, 37
2026/09/20 15:14:16.212, 5, 2690, 74.69, 37
2026/09/20 15:14:17.243, 0, 2690, 72.48, 36
2026/09/20 15:14:18.274, 4, 2690, 73.38, 36
2026/09/20 15:14:19.305, 4, 2690, 76.36, 37
2026/09/20 15:14:20.336, 0, 2690, 75.36, 36
2026/09/20 15:14:21.367, 0, 2690, 73.83, 36
2026/09/20 15:14:22.398, 2, 2690, 72.24, 36
2026/09/20 15:14:23.430, 8, 2690, 75.11, 37
2026/09/20 15:14:24.461, 8, 2690, 109.27, 39
2026/09/20 15:14:25.493, 0, 2690, 103.38, 38
2026/09/20 15:14:26.524, 0, 2690, 96.72, 38
2026/09/20 15:14:27.557, 0, 2690, 73.13, 37
2026/09/20 15:14:28.588, 0, 2690, 72.66, 37
2026/09/20 15:14:29.621, 4, 2690, 75.12, 37
2026/09/20 15:14:30.653, 0, 2690, 73.95, 37
2026/09/20 15:14:31.684, 0, 2690, 73.75, 36
2026/09/20 15:14:32.715, 0, 2690, 71.12, 36
2026/09/20 15:14:33.747, 8, 2690, 74.53, 37
2026/09/20 15:14:34.779, 0, 2690, 74.26, 36
2026/09/20 15:14:35.809, 5, 2690, 73.79, 37
2026/09/20 15:14:36.840, 0, 2690, 71.84, 36
2026/09/20 15:14:37.872, 2, 2690, 73.11, 36
2026/09/20 15:14:38.902, 2, 2690, 75.53, 37
2026/09/20 15:14:39.932, 0, 2690, 74.56, 37
2026/09/20 15:14:40.964, 0, 2690, 73.24, 36
2026/09/20 15:14:41.999, 2, 2690, 71.22, 36
2026/09/20 15:14:43.029, 1, 2690, 75.31, 36
2026/09/20 15:14:44.060, 2, 2690, 116.52, 38
2026/09/20 15:14:45.092, 2, 2690, 103.03, 38
2026/09/20 15:14:46.125, 0, 2690, 91.68, 37
2026/09/20 15:14:47.156, 0, 2690, 72.08, 37
2026/09/20 15:14:48.188, 2, 2690, 73.38, 37
2026/09/20 15:14:49.221, 4, 2690, 75.25, 37
2026/09/20 15:14:50.261, 5, 2690, 74.88, 37
2026/09/20 15:14:51.295, 0, 2690, 73.50, 36
2026/09/20 15:14:52.327, 2, 2690, 71.79, 36
2026/09/20 15:14:53.358, 0, 2690, 74.67, 37
2026/09/20 15:14:54.390, 2, 2690, 74.63, 36
2026/09/20 15:14:55.420, 2, 2690, 73.87, 36
2026/09/20 15:14:56.448, 0, 2690, 71.26, 36
2026/09/20 15:14:57.479, 0, 2690, 73.09, 36
2026/09/20 15:14:58.511, 4, 2690, 75.60, 36
2026/09/20 15:14:59.542, 0, 2690, 74.14, 36
2026/09/20 15:15:00.573, 0, 2690, 71.95, 36
2026/09/20 15:15:01.603, 0, 2690, 71.88, 36
2026/09/20 15:15:02.637, 2, 2690, 74.83, 36
2026/09/20 15:15:03.668, 2, 2690, 120.74, 38
2026/09/20 15:15:04.699, 2, 2690, 103.04, 39
2026/09/20 15:15:05.730, 2, 2690, 85.90, 37
2026/09/20 15:15:06.763, 0, 2690, 71.52, 37
2026/09/20 15:15:07.793, 0, 2690, 73.36, 37
2026/09/20 15:15:08.825, 2, 2690, 75.32, 37
2026/09/20 15:15:09.857, 0, 2690, 73.85, 36
2026/09/20 15:15:10.889, 0, 2690, 72.80, 36
2026/09/20 15:15:11.919, 2, 2690, 72.01, 36
2026/09/20 15:15:12.948, 0, 2690, 74.34, 36
2026/09/20 15:15:13.980, 0, 2690, 75.12, 36
2026/09/20 15:15:15.012, 0, 2690, 74.22, 36
2026/09/20 15:15:16.044, 0, 2690, 71.88, 36
2026/09/20 15:15:17.076, 3, 2690, 75.29, 37
2026/09/20 15:15:18.109, 2, 2690, 75.32, 37
2026/09/20 15:15:19.140, 5, 2690, 73.82, 36
2026/09/20 15:15:20.172, 0, 2690, 71.78, 36
2026/09/20 15:15:21.201, 2, 2690, 73.48, 36
2026/09/20 15:15:22.232, 2, 2690, 75.33, 37
2026/09/20 15:15:23.264, 2, 2690, 122.70, 38
2026/09/20 15:15:24.295, 0, 2690, 102.72, 38
2026/09/20 15:15:25.328, 0, 2690, 79.57, 37
2026/09/20 15:15:26.360, 0, 2690, 71.74, 36
2026/09/20 15:15:27.391, 2, 2690, 74.77, 37
2026/09/20 15:15:28.423, 2, 2690, 75.03, 36
2026/09/20 15:15:29.454, 5, 2690, 73.66, 36
2026/09/20 15:15:30.485, 0, 2690, 71.71, 36
2026/09/20 15:15:31.515, 2, 2690, 72.83, 36
2026/09/20 15:15:32.547, 4, 2690, 75.46, 37
2026/09/20 15:15:33.577, 5, 2690, 74.01, 36
2026/09/20 15:15:34.608, 0, 2690, 73.38, 36
2026/09/20 15:15:35.639, 0, 2690, 71.87, 36
2026/09/20 15:15:36.670, 2, 2690, 75.22, 36
2026/09/20 15:15:37.702, 0, 2690, 75.02, 36
2026/09/20 15:15:38.734, 0, 2690, 73.54, 36
2026/09/20 15:15:39.764, 0, 2690, 71.07, 36
2026/09/20 15:15:40.795, 2, 2690, 73.20, 37
2026/09/20 15:15:41.852, 63, 2690, 95.30, 40
2026/09/20 15:15:42.883, 2, 2690, 116.11, 38
2026/09/20 15:15:43.915, 5, 2690, 102.51, 38
2026/09/20 15:15:44.946, 0, 2690, 73.68, 37
2026/09/20 15:15:45.977, 2, 2690, 72.52, 37
2026/09/20 15:15:47.008, 2, 2690, 75.24, 37
2026/09/20 15:15:48.039, 0, 2690, 75.86, 36
2026/09/20 15:15:49.070, 0, 2690, 74.59, 36
2026/09/20 15:15:50.100, 0, 2690, 71.92, 36
2026/09/20 15:15:51.132, 2, 2690, 74.18, 36
2026/09/20 15:15:52.164, 2, 2690, 76.13, 36
2026/09/20 15:15:53.194, 0, 2690, 74.44, 36
2026/09/20 15:15:54.225, 0, 2690, 72.96, 36
2026/09/20 15:15:55.255, 2, 2690, 72.45, 36
2026/09/20 15:15:56.286, 2, 2690, 75.63, 36
2026/09/20 15:15:57.316, 0, 2690, 75.40, 36
2026/09/20 15:15:58.347, 0, 2690, 74.10, 36
2026/09/20 15:15:59.382, 0, 2690, 71.76, 36
2026/09/20 15:16:00.414, 0, 2690, 72.43, 36
2026/09/20 15:16:01.445, 4, 2690, 76.54, 37
2026/09/20 15:16:02.479, 2, 2690, 125.68, 38
2026/09/20 15:16:03.509, 0, 2690, 103.40, 38
2026/09/20 15:16:04.537, 0, 2690, 82.25, 37
2026/09/20 15:16:05.566, 0, 2690, 71.63, 37
2026/09/20 15:16:06.597, 8, 2690, 75.28, 37
2026/09/20 15:16:07.628, 2, 2690, 75.41, 37
2026/09/20 15:16:08.660, 0, 2690, 74.58, 37
2026/09/20 15:16:09.689, 0, 2690, 72.26, 36
2026/09/20 15:16:10.729, 2, 2690, 73.03, 36
2026/09/20 15:16:11.758, 2, 2690, 76.30, 37
2026/09/20 15:16:12.788, 0, 2690, 75.05, 36
2026/09/20 15:16:13.818, 0, 2690, 73.78, 36
2026/09/20 15:16:14.848, 2, 2690, 71.76, 36
2026/09/20 15:16:15.878, 0, 2690, 75.12, 36
2026/09/20 15:16:16.907, 2, 2690, 74.95, 36
2026/09/20 15:16:17.936, 0, 2690, 72.55, 37
2026/09/20 15:16:18.966, 0, 2690, 70.74, 36
2026/09/20 15:16:19.995, 2, 2690, 72.40, 36
2026/09/20 15:16:21.025, 62, 2690, 84.39, 39
2026/09/20 15:16:22.055, 2, 2690, 118.47, 38
2026/09/20 15:16:23.087, 0, 2690, 102.91, 38
2026/09/20 15:16:24.113, 0, 2690, 75.97, 37
2026/09/20 15:16:25.142, 2, 2690, 71.15, 37
2026/09/20 15:16:26.171, 2, 2690, 74.54, 37
2026/09/20 15:16:27.200, 0, 2690, 74.77, 37
2026/09/20 15:16:28.230, 0, 2690, 73.63, 36
2026/09/20 15:16:29.260, 0, 2690, 70.97, 36
2026/09/20 15:16:30.291, 2, 2690, 72.20, 37
2026/09/20 15:16:31.320, 2, 2690, 75.06, 37
2026/09/20 15:16:32.348, 0, 2690, 73.92, 36
2026/09/20 15:16:33.379, 0, 2690, 72.39, 36
2026/09/20 15:16:34.409, 0, 2690, 70.53, 36
2026/09/20 15:16:35.438, 0, 2690, 72.95, 36
2026/09/20 15:16:36.469, 2, 2690, 75.07, 36
2026/09/20 15:16:37.502, 0, 2690, 73.39, 36
2026/09/20 15:16:38.538, 0, 2690, 71.95, 36
2026/09/20 15:16:39.567, 0, 2690, 71.35, 36
2026/09/20 15:16:40.597, 2, 2690, 75.04, 36
2026/09/20 15:16:41.627, 2, 2690, 113.68, 38
2026/09/20 15:16:42.659, 2, 2690, 104.04, 38
2026/09/20 15:16:43.690, 0, 2690, 87.76, 37
2026/09/20 15:16:44.720, 0, 2690, 71.40, 37
2026/09/20 15:16:45.749, 2, 2690, 72.27, 37
2026/09/20 15:16:46.778, 4, 2690, 76.00, 37
2026/09/20 15:16:47.807, 0, 2690, 75.60, 36
2026/09/20 15:16:48.836, 0, 2690, 74.25, 36
2026/09/20 15:16:49.864, 2, 2690, 72.45, 36
2026/09/20 15:16:50.892, 0, 2690, 75.80, 36
2026/09/20 15:16:51.921, 2, 2690, 75.55, 37
2026/09/20 15:16:52.951, 0, 2690, 74.31, 36
2026/09/20 15:16:53.979, 0, 2690, 71.91, 36
2026/09/20 15:16:55.008, 2, 2690, 74.39, 36
2026/09/20 15:16:56.036, 2, 2690, 76.09, 36
2026/09/20 15:16:57.076, 0, 2690, 74.71, 36
2026/09/20 15:16:58.115, 0, 2690, 73.00, 36
2026/09/20 15:16:59.143, 0, 2690, 72.46, 37
2026/09/20 15:17:00.171, 0, 2690, 75.28, 36
2026/09/20 15:17:01.199, 2, 2690, 120.32, 38
2026/09/20 15:17:02.227, 0, 2690, 103.23, 38
2026/09/20 15:17:03.253, 0, 2690, 87.77, 37
2026/09/20 15:17:04.281, 0, 2690, 72.49, 37
2026/09/20 15:17:05.312, 2, 2690, 74.29, 37
2026/09/20 15:17:06.343, 4, 2690, 76.48, 37
2026/09/20 15:17:07.372, 0, 2690, 74.37, 37
2026/09/20 15:17:08.402, 0, 2690, 72.94, 36
2026/09/20 15:17:09.432, 2, 2690, 72.94, 36
2026/09/20 15:17:10.465, 2, 2690, 76.12, 37
2026/09/20 15:17:11.501, 2, 2690, 76.42, 37
2026/09/20 15:17:12.532, 0, 2690, 74.47, 36
2026/09/20 15:17:13.561, 0, 2690, 71.42, 36
2026/09/20 15:17:14.594, 0, 2690, 74.52, 36
2026/09/20 15:17:15.624, 2, 2690, 77.72, 37
2026/09/20 15:17:16.656, 0, 2690, 75.11, 36
2026/09/20 15:17:17.687, 0, 2690, 74.33, 36
2026/09/20 15:17:18.718, 0, 2690, 73.40, 36
2026/09/20 15:17:19.751, 2, 2690, 76.04, 36
2026/09/20 15:17:20.782, 2, 2690, 117.48, 38
2026/09/20 15:17:21.812, 2, 2690, 103.83, 38
2026/09/20 15:17:22.844, 2, 2690, 83.49, 37
2026/09/20 15:17:23.878, 0, 2690, 72.06, 37
2026/09/20 15:17:24.911, 0, 2690, 74.02, 37
2026/09/20 15:17:25.944, 2, 2690, 76.81, 37
2026/09/20 15:17:26.978, 0, 2690, 74.15, 36
2026/09/20 15:17:28.008, 0, 2690, 73.33, 36
2026/09/20 15:17:29.039, 2, 2690, 72.62, 36
2026/09/20 15:17:30.071, 2, 2690, 75.74, 37
2026/09/20 15:17:31.103, 2, 2690, 76.38, 37
2026/09/20 15:17:32.134, 0, 2690, 74.63, 36
2026/09/20 15:17:33.165, 2, 2690, 71.97, 36
2026/09/20 15:17:34.198, 8, 2690, 75.39, 37
2026/09/20 15:17:35.231, 2, 2690, 76.66, 36
2026/09/20 15:17:36.263, 0, 2690, 74.09, 36
2026/09/20 15:17:37.298, 0, 2690, 72.15, 36
2026/09/20 15:17:38.331, 2, 2690, 73.65, 36
2026/09/20 15:17:39.364, 42, 2690, 80.96, 38
2026/09/20 15:17:40.397, 2, 2690, 122.27, 39
2026/09/20 15:17:41.435, 0, 2690, 103.04, 38
2026/09/20 15:17:42.467, 0, 2690, 73.81, 37
2026/09/20 15:17:43.500, 2, 2690, 71.55, 37
2026/09/20 15:17:44.533, 2, 2690, 75.34, 37
2026/09/20 15:17:45.566, 2, 2690, 75.15, 37
2026/09/20 15:17:46.600, 0, 2690, 74.33, 37
2026/09/20 15:17:47.634, 0, 2690, 71.99, 36
2026/09/20 15:17:48.667, 2, 2690, 74.33, 36
2026/09/20 15:17:49.698, 3, 2690, 75.92, 37
2026/09/20 15:17:50.737, 5, 2690, 74.85, 36
2026/09/20 15:17:51.770, 0, 2690, 72.99, 36
2026/09/20 15:17:52.800, 0, 2690, 72.06, 36
2026/09/20 15:17:53.831, 2, 2690, 75.11, 37
2026/09/20 15:17:54.863, 2, 2690, 75.47, 36
2026/09/20 15:17:55.895, 0, 2690, 73.89, 36
2026/09/20 15:17:56.928, 0, 2690, 71.41, 36
2026/09/20 15:17:57.963, 0, 2690, 73.69, 36
2026/09/20 15:17:59.007, 68, 2690, 103.31, 39
2026/09/20 15:18:00.039, 4, 2690, 109.31, 38
2026/09/20 15:18:01.072, 0, 2690, 97.23, 38
2026/09/20 15:18:02.105, 0, 2690, 72.45, 37
2026/09/20 15:18:03.136, 2, 2690, 72.11, 37
2026/09/20 15:18:04.168, 2, 2690, 74.91, 37
2026/09/20 15:18:05.199, 2, 2690, 75.07, 37
2026/09/20 15:18:06.232, 0, 2690, 73.99, 36
2026/09/20 15:18:07.263, 2, 2690, 71.09, 36
2026/09/20 15:18:08.294, 8, 2690, 75.36, 37
2026/09/20 15:18:09.326, 2, 2690, 76.76, 37
2026/09/20 15:18:10.358, 0, 2690, 74.26, 37
2026/09/20 15:18:11.391, 0, 2690, 72.14, 36
2026/09/20 15:18:12.421, 2, 2690, 72.72, 37
2026/09/20 15:18:13.453, 4, 2690, 75.28, 37
2026/09/20 15:18:14.485, 0, 2690, 73.80, 36
2026/09/20 15:18:15.517, 0, 2690, 73.19, 36
2026/09/20 15:18:16.549, 2, 2690, 71.64, 36
2026/09/20 15:18:17.581, 0, 2690, 74.92, 37
2026/09/20 15:18:18.612, 2, 2690, 110.66, 39
2026/09/20 15:18:19.643, 2, 2690, 102.75, 38
2026/09/20 15:18:20.674, 0, 2690, 92.57, 38
2026/09/20 15:18:21.704, 0, 2690, 71.95, 37
2026/09/20 15:18:22.739, 3, 2690, 73.75, 37
2026/09/20 15:18:23.770, 2, 2690, 76.02, 37
2026/09/20 15:18:24.814, 5, 2690, 75.90, 37
2026/09/20 15:18:25.847, 0, 2690, 73.61, 37
2026/09/20 15:18:26.879, 0, 2690, 72.15, 37
2026/09/20 15:18:27.912, 2, 2690, 75.16, 37
2026/09/20 15:18:28.943, 2, 2690, 75.70, 37
2026/09/20 15:18:29.975, 0, 2690, 73.77, 37
2026/09/20 15:18:31.004, 0, 2690, 71.42, 36
2026/09/20 15:18:32.037, 0, 2690, 74.29, 37
2026/09/20 15:18:33.069, 2, 2690, 76.14, 37
2026/09/20 15:18:34.099, 0, 2690, 73.87, 37
2026/09/20 15:18:35.130, 0, 2690, 72.60, 36
2026/09/20 15:18:36.159, 2, 2690, 72.40, 37
2026/09/20 15:18:37.190, 2, 2690, 75.46, 37
2026/09/20 15:18:38.221, 2, 2690, 117.81, 38
2026/09/20 15:18:39.251, 2, 2690, 103.58, 38
2026/09/20 15:18:40.292, 0, 2690, 80.09, 37
2026/09/20 15:18:41.323, 0, 2690, 72.24, 37
2026/09/20 15:18:42.354, 0, 2690, 75.78, 37
2026/09/20 15:18:43.386, 2, 2690, 76.53, 37
2026/09/20 15:18:44.417, 5, 2690, 74.63, 37
2026/09/20 15:18:45.449, 0, 2690, 72.35, 37
2026/09/20 15:18:46.479, 2, 2690, 73.35, 37
2026/09/20 15:18:47.511, 4, 2690, 75.64, 37
2026/09/20 15:18:48.543, 0, 2690, 74.81, 37
2026/09/20 15:18:49.576, 0, 2690, 73.15, 37
2026/09/20 15:18:50.609, 0, 2690, 71.87, 37
2026/09/20 15:18:51.641, 2, 2690, 75.75, 37
2026/09/20 15:18:52.674, 0, 2690, 75.27, 37
2026/09/20 15:18:53.706, 0, 2690, 74.62, 37
2026/09/20 15:18:54.739, 0, 2690, 72.59, 36
2026/09/20 15:18:55.772, 2, 2690, 74.45, 37
2026/09/20 15:18:56.805, 62, 2690, 91.44, 39
2026/09/20 15:18:57.837, 2, 2690, 120.80, 38
2026/09/20 15:18:58.885, 5, 2690, 103.24, 39
2026/09/20 15:18:59.935, 0, 2690, 77.11, 37
2026/09/20 15:19:00.967, 0, 2690, 73.32, 37
2026/09/20 15:19:01.998, 2, 2690, 75.57, 37
2026/09/20 15:19:03.029, 2, 2690, 75.51, 37
2026/09/20 15:19:04.061, 0, 2690, 74.46, 37
2026/09/20 15:19:05.091, 0, 2690, 71.99, 37
2026/09/20 15:19:06.121, 0, 2690, 74.15, 37
2026/09/20 15:19:07.153, 4, 2690, 76.57, 37
2026/09/20 15:19:08.183, 0, 2690, 73.69, 37
2026/09/20 15:19:09.215, 0, 2690, 72.95, 37
2026/09/20 15:19:10.246, 2, 2690, 72.35, 37
2026/09/20 15:19:11.276, 2, 2690, 75.38, 37
2026/09/20 15:19:12.313, 2, 2690, 75.29, 37
2026/09/20 15:19:13.344, 0, 2690, 73.96, 37
2026/09/20 15:19:14.374, 0, 2690, 71.20, 36
2026/09/20 15:19:15.406, 0, 2690, 73.43, 37
2026/09/20 15:19:16.437, 70, 2690, 103.68, 39
2026/09/20 15:19:17.468, 2, 2690, 104.90, 39
2026/09/20 15:19:18.499, 0, 2690, 96.73, 38
2026/09/20 15:19:19.530, 0, 2690, 73.25, 37
2026/09/20 15:19:20.563, 0, 2690, 73.01, 37
2026/09/20 15:19:21.597, 2, 2690, 75.97, 37
2026/09/20 15:19:22.629, 2, 2690, 75.17, 37
2026/09/20 15:19:23.660, 0, 2690, 73.71, 37
2026/09/20 15:19:24.693, 0, 2690, 71.43, 37
2026/09/20 15:19:25.724, 7, 2690, 75.04, 37
2026/09/20 15:19:26.758, 2, 2690, 74.96, 37
2026/09/20 15:19:27.791, 5, 2690, 74.40, 37
2026/09/20 15:19:28.824, 0, 2690, 72.51, 37
2026/09/20 15:19:29.855, 2, 2690, 73.19, 37
2026/09/20 15:19:30.887, 2, 2690, 75.35, 37
2026/09/20 15:19:31.919, 0, 2690, 75.09, 37
2026/09/20 15:19:32.951, 0, 2690, 72.71, 37
2026/09/20 15:19:33.982, 2, 2690, 72.19, 37
2026/09/20 15:19:35.013, 0, 2690, 74.88, 37
2026/09/20 15:19:36.046, 4, 2690, 110.41, 39
2026/09/20 15:19:37.076, 2, 2690, 103.04, 38
2026/09/20 15:19:38.106, 0, 2690, 91.75, 38
2026/09/20 15:19:39.139, 0, 2690, 72.67, 37
2026/09/20 15:19:40.171, 2, 2690, 74.01, 37
2026/09/20 15:19:41.203, 4, 2690, 75.92, 37
2026/09/20 15:19:42.235, 5, 2690, 75.32, 37
2026/09/20 15:19:43.267, 0, 2690, 73.13, 37
2026/09/20 15:19:44.300, 0, 2690, 72.69, 37
2026/09/20 15:19:45.333, 2, 2690, 75.90, 37
2026/09/20 15:19:46.364, 0, 2690, 75.43, 37
2026/09/20 15:19:47.395, 0, 2690, 74.32, 37
2026/09/20 15:19:48.425, 0, 2690, 71.67, 37
2026/09/20 15:19:49.455, 0, 2690, 74.14, 37
2026/09/20 15:19:50.485, 2, 2690, 76.56, 37
2026/09/20 15:19:51.516, 0, 2690, 74.83, 37
2026/09/20 15:19:52.546, 0, 2690, 72.70, 37
2026/09/20 15:19:53.579, 2, 2690, 72.78, 37
2026/09/20 15:19:54.611, 2, 2690, 75.75, 37
2026/09/20 15:19:55.643, 2, 2690, 118.28, 38
2026/09/20 15:19:56.675, 2, 2690, 103.18, 38
2026/09/20 15:19:57.706, 0, 2690, 80.38, 37
2026/09/20 15:19:58.737, 0, 2690, 71.95, 37
2026/09/20 15:19:59.768, 7, 2690, 75.50, 37
2026/09/20 15:20:00.802, 2, 2690, 76.54, 37
2026/09/20 15:20:01.836, 0, 2690, 74.66, 37
2026/09/20 15:20:02.870, 0, 2690, 73.24, 37
2026/09/20 15:20:03.902, 0, 2690, 73.32, 37
2026/09/20 15:20:04.934, 4, 2690, 76.09, 37
2026/09/20 15:20:05.967, 0, 2690, 75.34, 37
2026/09/20 15:20:07.000, 0, 2690, 74.35, 37
2026/09/20 15:20:08.031, 2, 2690, 72.22, 37
2026/09/20 15:20:09.061, 0, 2690, 75.82, 37
2026/09/20 15:20:10.091, 2, 2690, 75.78, 37
2026/09/20 15:20:11.123, 0, 2690, 74.35, 37
2026/09/20 15:20:12.154, 0, 2690, 72.15, 37
2026/09/20 15:20:13.187, 2, 2690, 74.22, 37
2026/09/20 15:20:14.218, 64, 2690, 87.26, 40
2026/09/20 15:20:15.252, 4, 2690, 116.76, 39
2026/09/20 15:20:16.283, 0, 2690, 102.58, 38
2026/09/20 15:20:17.315, 0, 2690, 75.72, 37
2026/09/20 15:20:18.346, 0, 2690, 72.91, 37
2026/09/20 15:20:19.377, 0, 2690, 75.93, 37
2026/09/20 15:20:20.407, 1, 2690, 75.79, 37
2026/09/20 15:20:21.439, 0, 2690, 74.88, 37
2026/09/20 15:20:22.470, 0, 2690, 72.34, 37
2026/09/20 15:20:23.501, 2, 2690, 74.68, 37
2026/09/20 15:20:24.536, 2, 2690, 76.49, 37
2026/09/20 15:20:25.569, 0, 2690, 74.81, 37
2026/09/20 15:20:26.600, 0, 2690, 73.26, 37
2026/09/20 15:20:27.632, 0, 2690, 72.54, 37
2026/09/20 15:20:28.663, 2, 2690, 75.66, 37
2026/09/20 15:20:29.696, 2, 2690, 76.09, 37
2026/09/20 15:20:30.729, 0, 2690, 75.54, 37
2026/09/20 15:20:31.759, 0, 2690, 72.30, 36
2026/09/20 15:20:32.791, 0, 2690, 74.79, 36
2026/09/20 15:20:33.823, 70, 2690, 104.14, 39
2026/09/20 15:20:34.856, 4, 2690, 105.24, 38
2026/09/20 15:20:35.887, 0, 2690, 97.67, 38
2026/09/20 15:20:36.919, 0, 2690, 73.82, 37
2026/09/20 15:20:37.952, 2, 2690, 73.49, 37
2026/09/20 15:20:38.983, 2, 2690, 76.64, 37
2026/09/20 15:20:40.014, 2, 2690, 76.34, 37
2026/09/20 15:20:41.045, 0, 2690, 75.14, 37
2026/09/20 15:20:42.083, 2, 2690, 72.07, 36
2026/09/20 15:20:43.115, 8, 2690, 75.67, 37
2026/09/20 15:20:44.148, 2, 2690, 76.97, 37
2026/09/20 15:20:45.179, 0, 2690, 74.66, 37
2026/09/20 15:20:46.210, 0, 2690, 72.48, 36
2026/09/20 15:20:47.241, 2, 2690, 73.50, 37
2026/09/20 15:20:48.273, 2, 2690, 76.37, 36
2026/09/20 15:20:49.304, 5, 2690, 74.53, 36
2026/09/20 15:20:50.337, 0, 2690, 74.27, 36
2026/09/20 15:20:51.372, 2, 2690, 73.24, 36
2026/09/20 15:20:52.404, 0, 2690, 75.26, 36
2026/09/20 15:20:53.438, 2, 2690, 114.04, 38
2026/09/20 15:20:54.472, 2, 2690, 103.33, 38
2026/09/20 15:20:55.505, 0, 2690, 91.86, 37
2026/09/20 15:20:56.538, 0, 2690, 72.32, 37
2026/09/20 15:20:57.571, 2, 2690, 73.93, 37
2026/09/20 15:20:58.603, 3, 2690, 76.04, 37
2026/09/20 15:20:59.635, 5, 2690, 75.86, 37
2026/09/20 15:21:00.666, 0, 2690, 73.31, 36
2026/09/20 15:21:01.697, 2, 2690, 73.13, 37
2026/09/20 15:21:02.728, 2, 2690, 75.86, 37
2026/09/20 15:21:03.761, 2, 2690, 75.39, 37
2026/09/20 15:21:04.793, 0, 2690, 74.30, 37
2026/09/20 15:21:05.827, 0, 2690, 71.31, 36
2026/09/20 15:21:06.860, 0, 2690, 74.15, 36
2026/09/20 15:21:07.891, 2, 2690, 76.39, 37
2026/09/20 15:21:08.923, 0, 2690, 74.29, 36
2026/09/20 15:21:09.955, 0, 2690, 73.19, 36
2026/09/20 15:21:10.991, 2, 2690, 73.82, 37
2026/09/20 15:21:12.049, 2, 2690, 76.62, 36
2026/09/20 15:21:13.081, 0, 2690, 123.58, 38
